SampleID	SamplingEvent	TurtleID	TurtleName	SeqMethod	ForwardPrimer	ReversePrimer	Type	Gene	Region	AdmissionDate	EndoSamplingDate	EpiSamplingDate	ReleaseDate	DaysInRehabiliationBeforeSampling	HospStatus	TurtleSex	AgeRange	DetSex	Weight	SCL	CCL	CCW	Locality	LocalitySampled	OriginLocality	LocalityGeo	SamplingMoNo	SamplingSeason	SamplingYear
ID117	PMFTI0141	ID117	KARLO ALBANO	Illumina MiSeq	CCTACGGGNGGCWGCAG	GACTACHVGGGTATCTAATCC	amplicon	16S	V34	19.03.2021.	25.03.2021.	25.03.2021.	07.09.2021.	6	MID	MALE	ADULT	DETSEX	50	76	74	71	HR	"HR, Aquarium Pula Rescue Center"	"HR, Telašćica"	"43.8895° N, 15.1617° E"	3	SPRING	2021
ID056	PMFTI0073	ID056	SAMBA	Illumina MiSeq	CCTACGGGNGGCWGCAG	GACTACHVGGGTATCTAATCC	amplicon	16S	V34	08.06.2019.	09.06.2019.	09.06.2019.	DECEASED 21.06.2019.	1	EARLY	FEMALE	ADULT	DETSEX	43	71	74	70	HR	"HR, Aquarium Pula Rescue Center"	"HR, Ston"	"42.8387° N, 17.6963° E"	6	SPRING	2019
ID119	PMFTI0143	ID119	MARTIN	Illumina MiSeq	GTGYCAGCMGCCGCGGTAA	GGACTACNVGGGTWTCTAAT	amplicon	16S	V34	21.04.2021.	23.04.2021.	23.04.2021.	26.10.2021.	2	EARLY	ND	JUVENILE	ND	5.4	36.8	37.8	34.8	HR	"HR, Aquarium Pula Rescue Center"	"HR, Mali Lošinj"	"44.5316° N, 14.4720° E"	4	SPRING	2021
ID118	PMFTI0142	ID118	OLIVER RAUL	Illumina MiSeq	GTGYCAGCMGCCGCGGTAA	GGACTACNVGGGTWTCTAAT	amplicon	16S	V34	20.04.2021.	23.04.2021.	23.04.2021.	16.06.2021.	3	MID	ND	JUVENILE	ND	2.4	25.6	26	24.2	HR	"HR, Aquarium Pula Rescue Center"	"HR, Medulin"	"44.8217° N, 13.9369° E"	4	SPRING	2021
ID098	PMFTI0123	ID098	MAKSIMUS	Illumina MiSeq	CCTACGGGNGGCWGCAG	GACTACHVGGGTATCTAATCC	amplicon	16S	V34	26.07.2020.	20.08.2020.	28.07.2020.	05.10.2020.	25	LATE	ND	JUVENILE	ND	10.7	42.4	45.2	44.2	HR	"HR, Aquarium Pula Rescue Center"	"HR, Porer"	"44.7580° N, 13.8909° E"	8	SUMMER	2020
ID073	PMFTI0093	ID073	MARVIN	Illumina MiSeq	CCTACGGGNGGCWGCAG	GACTACHVGGGTATCTAATCC	amplicon	16S	V34	10.11.2019.	20.11.2019.	20.11.2019.	16.06.2020.	10	MID	ND	JUVENILE	ND	3.97	31.7	32.2	29.5	HR	"HR, Aquarium Pula Rescue Center"	"HR, Kamenjak Premantura"	"44.8031° N, 13.9127° E"	11	AUTUMN	2019
ID070	PMFTI0089	ID070	FUTON	Illumina MiSeq	CCTACGGGNGGCWGCAG	GACTACHVGGGTATCTAATCC	amplicon	16S	V34	23.07.2019.	24.07.2019.	24.07.2019.	NA	1	EARLY	ND	JUVENILE	ND	11.5	45	43	40.5	IT	"IT, Centro cura tartarughe marine Bari"	"IT, Molfetta Bari"	"41.2028° N, 16.5987° E"	7	SUMMER	2019
ID068	PMFTI0087	ID068	KANOOH	Illumina MiSeq	CCTACGGGNGGCWGCAG	GACTACHVGGGTATCTAATCC	amplicon	16S	V34	23.07.2019.	25.07.2019.	25.07.2019.	NA	2	EARLY	ND	JUVENILE	ND	13	46.5	46.5	52.5	IT	"IT, Centro cura tartarughe marine Bari"	"IT, Molfetta Bari"	"41.2028° N, 16.5987° E"	7	SUMMER	2019
ID096	PMFTI0117	ID096	MARO	Illumina MiSeq	CCTACGGGNGGCWGCAG	GACTACHVGGGTATCTAATCC	amplicon	16S	V34	25.06.2020.	21.07.2020.	21.07.2020.	16.6.2021.	26	LATE	FEMALE	SUB-ADULT	DETSEX	31.5	65	67	63.2	HR	"HR, Aquarium Pula Rescue Center"	"HR, Korčula"	"42.9625° N, 17.1333° E"	7	SUMMER	2020
ID071	PMFTI0090	ID071	COSMYN	Illumina MiSeq	CCTACGGGNGGCWGCAG	GACTACHVGGGTATCTAATCC	amplicon	16S	V34	23.10.2019.	23.10.2019.	23.10.2019.	NA	0	EARLY	ND	SUB-ADULT	ND	31.8	58.7	65.2	60.5	IT	"IT, Centro cura tartarughe marine Bari"	"IT, Margherita di Savoia"	"41.3740° N, 16.1512° E"	10	AUTUMN	2019